Kabupaten/Kota,,,,,,,,,,,,,,,,
,Rata-rata Pengeluaran Perkapita Seminggu Menurut Kelompok Kacang-Kacangan Per Kabupaten/kota (Rupiah/Kapita/Minggu),,,,,,,,,,,,,,,
,KACANG-KACANGAN,,Kacang tanah tanpa kulit,,Kacang kedele,,Kacang lainnya,,Tahu,,Tempe,,Oncom,,Hasil lain dari kacang-kacangan,
,2021,2022,2021,2022,2021,2022,2021,2022,2021,2022,2021,2022,2021,2022,2021,2022
Simeulue,475.28,582.48,44.9,18.95,-,-,33.89,56.8,79.96,83.12,316.52,421.32,-,2.28,-,-
Aceh Singkil,2033.93,2189.15,103.43,99.07,2.28,18.45,38.45,14.07,947.5,1032.3,928.08,1020.29,0.73,4.98,13.45,-
Aceh Selatan,1324.44,1016.84,235.14,70.04,-,-,45.25,10.67,302.39,293.1,730.39,635.83,-,5.6,11.27,1.59
Aceh Tenggara,1812.45,1864.99,87.29,30.43,2,20.39,21.84,3.72,846.88,908.09,822.4,861.9,16.94,36.99,15.11,3.47
Aceh Timur,1329.52,1482.39,34.91,85.69,-,16.5,39.6,52.32,460.16,504.28,765.32,800.32,13.48,19.94,16.05,3.34
Aceh Tengah,2953.51,2982.12,87.83,63.48,21.48,-,87.33,16.4,1432.48,1500.87,1324.37,1377.15,-,24.23,-,-
Aceh Barat,2187.72,2194.79,279.74,148.66,28.66,20.18,85.85,104.59,605.68,648.31,1175.07,1264.72,5.4,4.64,7.32,3.68
Aceh Besar,1776.45,1774.67,103.54,130.36,14.49,11.63,39.15,108.75,632.05,612.08,986.4,904.44,0.83,7.42,-,-
Pidie,1470.29,1471.89,241.77,80.72,2.06,12.65,122.6,75.54,345.14,439.71,748.97,855.85,9.29,0.95,0.46,6.47
Bireuen,2008.42,1708.89,154.82,62.55,19.51,28.77,224.49,71.68,580.03,530.34,1005.62,991.58,6.41,11.11,17.54,12.86
Aceh Utara,1228.4,1556.62,65.29,110.09,16.09,4.58,67.63,31.05,376.62,540.04,672.86,852.59,15.11,17,14.8,1.26
Aceh Barat Daya,1094.49,950.95,111.5,50.52,3.18,9.5,5.5,14.29,322.72,294.05,648.59,580.55,3,0.9,-,1.14
Gayo Lues,2002.71,1973.6,213.11,238.91,12.69,7.75,79.61,11.21,652.69,690.29,1025.81,1000.56,13.5,18.39,5.29,6.48
Aceh Tamiang,1955.06,1990.74,32.19,39.95,6.7,4.12,21.19,6.92,824.51,778.42,1061.15,1147.27,8.86,13.66,0.46,0.4
Nagan Raya,2614.43,2965.64,280.12,273.09,28.62,2.95,104.03,94.99,848.85,1038.45,1331.13,1515.27,17.7,35.6,3.98,5.29
Aceh Jaya,1694.25,1655.78,238.53,160.17,-,3.89,84.39,71.34,405.4,441.67,962.52,972.89,0.61,0.61,2.8,5.21
Bener Meriah,2496.53,2847.19,78.02,111.82,6.78,10.8,8.15,13.03,1223.05,1142.48,1168.26,1524.94,12.27,44.13,-,-
Pidie Jaya,1838.26,1742.77,226.58,52.29,-,12.91,80.57,21.55,542.01,544.99,968.84,1088.06,15.76,22.97,4.51,-
Kota Banda Aceh,2192.73,2720.31,163.1,176.49,3.66,34.6,64.33,59.5,719.8,891.01,1224.83,1535.2,4.29,0.56,12.72,22.96
Kota Sabang,2113.01,2416.49,49.65,60.41,5.36,22.84,64.18,157.25,769.2,911.13,1214.59,1239.48,9.31,2.95,0.72,22.44
Kota Langsa,1937.68,2605.95,53.97,126.68,3.75,23.06,68.69,90.06,615.49,830,1150.85,1520.23,2.46,2.84,42.48,13.08
Kota Lhokseumawe,1640.36,1697.6,133.11,39.65,9.69,0.67,25.18,26.14,615.26,765.5,847.61,859.96,-,3.79,9.5,1.9
Kota Subulussalam,2061.25,2417.13,81.52,214.84,1.15,4.85,3.04,-,980.33,1149.5,981.79,1027.95,11.12,16.65,2.31,3.35
Nias,727.19,659.86,44.13,5.64,-,-,11.41,7.24,545.35,548.55,122.56,98.43,3.74,-,-,-
Mandailing Natal,1823.56,1948.82,98.37,87.43,-,0.62,21.96,17.57,835.17,921.6,856.71,912.59,6.13,4.37,5.22,4.65
Tapanuli Selatan,2181.55,2199.46,151.93,141.4,1.27,0.93,27.82,48.84,1032.24,1049.61,941.25,937.08,7.14,1.85,19.9,19.74
Tapanuli Tengah,1280.46,1311.67,19.95,21.8,12.97,-,157.62,31.17,638.92,702.77,444.69,553.61,-,0.94,6.3,1.38
Tapanuli Utara,2246.36,2374.55,66.66,25.7,3.58,0.8,65.99,14.37,1409.81,1533.82,689.23,797.99,4.61,1.87,6.47,-
Toba Samosir,2362.75,2311.21,57.68,135.25,6.3,-,108.33,26.42,1457.93,1327.74,727.19,804.16,1.69,3.8,3.63,13.83
Labuhan Batu,1682.83,2037.68,66.14,67.43,0.92,-,77.98,28.91,774.12,975.72,759.83,951.24,3.84,8.03,-,6.35
Asahan,2156.54,2273.54,114.88,179.72,2.51,6.94,52.87,53.34,943.26,892,1038.31,1136.82,3.12,3.83,1.6,0.88
Simalungun,2339.64,2137.7,157.08,108.27,4.42,1.39,71.23,44.42,1020.52,988.53,1077.99,983.03,2.53,6.91,5.87,5.14
Dairi,2286.8,2037.53,72.81,71.3,4.98,28.13,13.31,8.55,1425.27,1204.07,762.12,725.49,5.72,-,2.59,-
Karo,2329.51,3161.22,78.42,184.87,18.39,3.97,31.24,32.38,1385.37,1778.15,803.52,1159.69,7.61,0.87,4.96,1.29
Deli Serdang,2223.95,2687.89,165.23,270.64,6.7,28.01,28.94,35.63,988.19,1132.5,1029.1,1214.19,4.21,4.48,1.57,2.45
Langkat,2275.45,2747.81,152.38,304.51,18.52,2.93,136.24,54.02,887.95,1075.89,1077.64,1295.98,1.23,4.04,1.49,10.45
Nias Selatan,664.9,892.77,7.01,28.06,1.11,-,7.41,1.51,537.37,748.73,112,109.27,-,-,-,5.19
Humbang Hasundutan,1905.77,2065.88,44.06,41.24,-,3.42,35.86,57.95,1317.56,1338.29,508.29,624.98,-,-,-,-
Pakpak Bharat,2153.55,2302.62,54.43,118,-,-,14.75,73.07,1312.55,1365.45,766.04,741.02,2.55,-,3.23,5.09
Samosir,1877.54,1896.67,55.77,91.45,12.99,38.75,24.42,14.23,1146.04,1172.53,636.46,577.83,1.84,1.88,-,-
Serdang Bedagai,2050.73,2185.81,140.17,149.84,10.59,4.25,33.44,65.5,885.61,895.84,972.38,1061.44,-,0.86,8.54,8.07
Batu Bara,1434.14,1813.91,120.1,66.75,-,4.26,47.99,47.34,567.55,737.83,688.91,943.53,-,9.74,9.6,4.46
Padang Lawas Utara,2058.42,2482.78,136.21,267.42,3.3,-,2.09,27.25,958.3,1143.7,937.86,1021.93,3.28,17.82,17.37,4.67
Padang Lawas,1970.75,2534.07,166.69,252.43,-,6.71,16.66,15.13,893.14,1118.5,888.44,1121.03,1.45,10.03,4.38,10.24
Labuhan Batu Selatan,2407.77,2541.14,118.59,105.25,2.39,-,2.79,23.98,1143,1134.52,1131.81,1265.38,9.03,6.59,0.17,5.42
Labuhan Batu Utara,1944.44,1997.11,207.33,146.96,6.77,1.33,87.93,31.45,755.38,850.76,881.57,953.6,3.02,4.2,2.44,8.81
Nias Utara,573.72,688.28,7.16,17.2,5.27,-,14.4,24.08,456.26,570.32,89.82,76.68,0.66,-,0.14,-
Nias Barat,801.93,896.72,6.62,19.16,-,2.13,97.69,130.31,555.45,535.52,142.18,209.6,-,-,-,-
Kota Sibolga,1206.25,1355.5,33.87,33.62,16.63,-,53.18,31.93,455.09,631.87,637.26,646.58,2.51,1.15,7.71,10.34
Kota Tanjung Balai,1304.77,1547.06,147.54,205.98,2.98,1.99,112.82,92.74,415.7,514.33,621.2,721.27,-,2.3,4.53,8.45
Kota Pematang Siantar,1954.52,2177.61,57.44,64.33,7.24,6.04,149.64,132.71,905.62,996.28,805.29,948.87,0.6,0.76,28.7,28.63
Kota Tebing Tinggi,1917.72,2067.83,138.05,196.99,6.01,24.67,56,43.16,817.7,795.74,887.87,1003.66,11.02,2.73,1.07,0.88
Kota Medan,2135.53,2353.36,105.88,166.31,5.09,17.05,65.12,39.11,880.72,1019.02,1056.74,1095.98,5.51,10.61,16.47,5.28
Kota Binjai,2249.73,2781.09,160.38,158.86,14.83,11.3,52.51,21.55,936.64,1305.36,1062.82,1280.33,13.16,3.7,9.38,-
Kota Padangsidimpuan,2462.24,2761.12,99.31,99.49,-,7.52,28.7,28.98,1128.35,1265.95,1144.55,1321.92,6.36,6.71,54.97,30.56
Kota Gunungsitoli,1096.37,1005.87,45.09,18.09,2.24,7.39,2.94,-,741.39,645.82,303.03,334.58,1.69,-,-,-
Kepulauan Mentawai,1346.8,1260.64,48.49,39.84,-,60.26,23.68,14.18,670.92,640.63,603.71,492.09,-,13.64,-,-
Pesisir Selatan,1593.86,1831.1,43.24,66.72,2.03,5.98,23.92,20.39,891.52,1018.2,627.7,714.27,5.44,5.54,-,-
Solok,2495.77,2563.74,28.76,24.09,2.65,-,104.74,40.96,1533.23,1563.83,821.57,916.41,4.82,3.69,-,14.76
Sijunjung,2014.47,2114.14,66.69,22.64,-,-,22.54,24.57,1148.56,1197.81,776.68,868.08,-,1.04,-,-
Tanah Datar,1870.24,1933.95,37.44,32.44,3.94,-,58.43,21.26,1030.87,1089.69,731.89,784.88,6.23,4.35,1.44,1.33
Padang Pariaman,1759.74,1868.52,31.17,57.24,3.21,-,34.18,22.71,1084.83,1102.13,601.76,684.47,2.06,1.96,2.53,-
Agam,1935.55,2071.33,57.78,92.66,-,-,42.79,39.93,1220.06,1251.97,613.83,686.78,1.1,-,-,-
Lima Puluh Kota,1556.4,1979.88,45.43,96.85,-,-,18.19,27.82,900.32,1101.29,578.26,750.99,1.37,2.93,12.83,-
Pasaman,1772.12,1990.27,73.7,73.14,-,6.42,141.56,52.37,912.52,1126.04,638.59,730.61,5.21,0.47,0.53,1.23
Solok Selatan,2552.97,2536.34,65.64,102.1,17.63,2.72,43.79,57.93,1487.95,1472.49,920.25,897.48,8.29,0.77,9.42,2.86
Dharmasraya,2602.3,2417.75,119.52,68.39,7.66,0.59,30.14,30.22,1410.45,1302,1034.53,1015.98,-,0.58,-,-
Pasaman Barat,1744.16,2134.62,72.15,83.43,-,3.7,4.75,10.24,926.18,1061.51,735.75,962.38,5.34,13.13,-,0.23
Kota Padang,2283.43,2612.48,53.79,66.61,0.35,7.96,50.55,45.1,1474.08,1537.43,696.67,951.58,2.53,1.69,5.46,2.11
Kota Solok,2150.08,2357.54,69.84,42.43,-,6.43,17.93,23.06,1303.46,1374.32,753.79,897.45,5.06,7.15,-,6.69
Kota Sawah Lunto,2746.26,2935.96,71.4,83.52,10.79,7.89,15.48,6.03,1445.95,1514.02,1180.47,1323.09,11.16,-,11,1.42
Kota Padang Panjang,2219.16,2234.77,109.13,99.61,4.73,3.47,40.14,46.83,1229.85,1219.12,818.38,854.3,6.53,2.05,10.39,9.39
Kota Bukittinggi,1950.92,2276.8,48.1,84.53,-,-,47.42,52.77,1143.79,1281.78,703.88,841.89,-,12.45,7.73,3.38
Kota Payakumbuh,1852.69,1821.45,67.96,71.76,1.73,-,12.12,21.66,1014.69,1022.16,754.37,701.52,0.49,4.34,1.34,-
Kota Pariaman,1820.79,1759.91,47.62,11.46,-,4.91,44.02,13.54,1114.68,1086.73,609.53,640.55,1.05,1.7,3.89,1.01
Kuantan Singingi,2188.06,2304.07,97.63,94.73,-,-,34.03,13.1,1113.67,1168.17,939.5,1020.24,3.23,7.83,-,-
Indragiri Hulu,2537.55,2382.8,110.02,59.51,3.15,-,64.22,37.64,1205.33,1171.14,1150.18,1108.38,4.65,6.14,-,-
Indragiri Hilir,2143,2006.91,89.97,152.47,-,3.08,84.77,37.32,954.61,873.92,1004.54,936.51,4.68,3.62,4.43,-
Pelalawan,2661.57,3238.95,133.58,199.98,5.52,4.6,84.76,12.65,1264,1450.79,1153.93,1541.28,19.79,24.34,-,5.3
Siak,2720.65,2670.49,135.3,229.78,47.49,15.98,71.8,30.7,1237.48,1187.51,1214.57,1183.73,8.84,3.31,5.17,19.47
Kampar,2428.27,2415.46,152.34,288.26,11.29,0.89,21.48,11.73,1164.83,1126.41,1076.08,984.26,2.25,3.91,-,-
Rokan Hulu,2451.42,2484.26,131.27,192.83,-,3.52,29.66,26.71,1173.44,1153.64,1112.08,1092.74,4.98,9.5,-,5.33
Bengkalis,2318.04,2577.44,193.04,190.96,-,1.04,22.36,42.48,1133.68,1204.6,967.21,1125.19,-,13.17,1.75,-
Rokan Hilir,2435.54,2359.5,188.47,234.12,1.73,3.45,17.22,12.98,1141.9,1094.15,1083.27,1001.59,0.9,10.74,2.07,2.47
Kepulauan Meranti,2167.67,2254.91,123.83,120.96,-,5.58,35.2,74.52,874.65,893.02,1114.84,1152.99,14.39,5.73,4.76,2.11
Kota Pekanbaru,2268.5,2724.31,66.33,102.53,-,1.9,37.43,31.38,1199.24,1441.39,965.5,1143.49,-,2.02,-,1.6
Kota Dumai,2327.7,3184.14,116.54,151.62,2.02,0.9,37.06,33.48,1006.43,1520.12,1163,1473.55,-,0.53,2.66,3.93
Kerinci,2070.74,2222.59,73.05,74.91,-,-,64.11,31.76,1111.15,1252.15,818.27,863.76,4.17,-,-,-
Merangin,1883.01,2038.48,44.57,75.88,0.99,-,28.81,17.41,967.75,1016.89,839.63,928.3,1.27,-,-,-
Sarolangun,2118,2346.65,17.81,30.04,-,0.13,35.18,31.95,1051.32,1147.3,1004.5,1134.47,9.2,2.75,-,-
Batang Hari,2375.13,2165,136.63,56.22,13.78,-,58.47,7.44,1154.48,1189.7,1002.62,903.56,6.81,8.09,2.34,-
Muaro Jambi,2857.59,2719.62,228.88,66.59,3.94,5.56,16.4,16.61,1328.47,1371.57,1259.72,1243.91,15.16,15.38,5.02,-
Tanjung Jabung Timur,2894.85,2882.79,151.57,133.62,-,-,61.32,14.38,1212.23,1276.76,1463.71,1442.08,4.56,7.7,1.47,8.26
Tanjung Jabung Barat,2460.04,2558.16,170.65,222.6,4.9,5.1,16.6,31.13,1142.23,1093.94,1121.64,1193.07,4.02,12.32,-,-
Tebo,2225.11,2489.61,39.96,47.1,-,-,27.22,34.49,1096.88,1234.71,1054.67,1171.75,4.47,1.55,1.91,-
Bungo,2131.26,2121.47,110.84,69.63,1.72,-,35,28.29,1018.9,1027.2,964.8,991.88,-,3.82,-,0.65
Kota Jambi,3038.86,3017.1,128.76,73.42,13.59,2.51,141.66,108.23,1487.84,1492.91,1245.48,1313.37,12.02,23.13,9.5,3.53
Kota Sungai Penuh,2004.74,1767.4,42.08,10.66,8.3,-,56.05,18.68,1091.48,1042.96,794.11,690.56,11.11,1.5,1.61,3.04
Ogan Komering Ulu,2279.47,2621.58,59.03,23,-,3.27,103.32,118.48,894.97,1060.65,1188.07,1360.75,30.98,55.43,3.1,-
Ogan Komering Ilir,2641.71,2465,91.17,62.76,25.64,5.73,70.7,36.15,1035.65,1024.51,1381.47,1239.3,35.18,96.55,1.9,-
Muara Enim,2297.56,2251.13,45.44,114.43,9.51,25.02,66.29,26.76,1030.46,980.66,1115.68,1078.59,30.18,25.67,-,-
Lahat,2022.27,2345.85,52.97,22.92,13.87,-,31.74,39.51,928.21,1161.43,975.46,1112.4,11.36,9.58,8.67,-
Musi Rawas,2477.74,2546.18,64.42,46.29,7.67,2.32,20.47,32.51,1015.98,1149.93,1364.17,1310.68,5.02,2.85,-,1.59
Musi Banyuasin,3001.3,2831.28,134.71,85.51,-,-,51.16,50.13,1275.21,1248.13,1523.99,1399.82,12.98,34.14,3.24,13.55
Banyu Asin,3032.23,2990.03,72.07,128.28,3.72,1.74,17.36,49.09,1407.94,1262.55,1491.38,1474.23,39.76,74.14,-,-
Ogan Komering Ulu Selatan,2064.37,2076.76,22.88,66.51,-,-,6.46,19,877.82,849.35,1139.74,1120.47,17.47,21.43,-,-
Ogan Komering Ulu Timur,3203.07,2917.88,135.75,17.8,1.79,18.71,89.31,28.51,1185.47,955.6,1774.5,1864.47,5.35,31.54,10.92,1.25
Ogan Ilir,1830.46,2138.48,28.05,30,-,1.26,48.53,21.65,925.55,1077.47,796.71,956.47,24.2,50.94,7.42,0.69
Empat Lawang,1995.93,1882.75,63.56,25.93,-,-,65.16,11.78,836.15,911.68,949.11,926.39,5.19,6.98,76.75,-
Penukal Abab Lematang Ilir,1722.36,2064.71,30.7,68.25,-,12.76,28.85,78.7,747.7,884.79,909.29,983.1,5.81,32.89,-,4.22
Musi Rawas Utara,1877.67,1975.81,67.17,17.18,-,-,26.3,47.47,836.19,962.63,937.45,948.52,10.56,-,-,-
Kota Palembang,2540.72,2971.66,51.1,46.14,21.28,-,62.91,72.93,1277.78,1468.33,1064.37,1327.96,34.63,44.22,28.65,12.08
Kota Prabumulih,1829.04,1819.5,27.2,24.09,-,3.01,3.16,21.63,867.61,808.3,914.5,915.88,11.34,27.3,5.24,19.27
Kota Pagar Alam,2195.08,2560.74,68.29,64.11,2.96,0.52,15.71,10.1,1127.23,1289.91,977.97,1195.41,-,0.21,2.92,0.47
Kota Lubuklinggau,2036.92,2218.56,80.18,35.4,4.14,4.79,137.97,62.09,812.83,949.37,977.86,1150.34,7.4,5.25,16.54,11.32
Bengkulu Selatan,2028.87,2347.64,35.24,87.18,-,1.39,14.4,74.09,875.49,954.22,1099.82,1228.89,3.9,1.88,-,-
Rejang Lebong,2598.44,2864.02,78.82,52.35,8.71,-,28.31,37.82,1175.43,1326.79,1302.23,1438.68,-,-,4.94,8.39
Bengkulu Utara,2799.25,2814.71,118.53,171.19,-,10.5,50.6,32.69,1315.32,1271.23,1314.03,1323.23,0.78,5.87,-,-
Kaur,1974.32,2140.73,80.96,53.11,7.49,14.27,28.66,47.12,764.68,889.61,1079.41,1132.33,13.12,2.62,-,1.67
Seluma,2074.17,2784.35,39.78,94.01,-,10.91,42.31,64.5,851.11,1251.12,1136.46,1363.8,4.03,-,0.48,-
Mukomuko,2281.42,2249.4,84.34,58.21,1.56,7.59,15.02,14.69,1079.71,1081.53,1083.91,1078.66,16.89,8.71,-,-
Lebong,2204.3,2345.18,114.02,67.09,4.27,-,113.51,32.49,883.83,1006.35,1079.5,1223.46,4.84,10.5,4.34,5.3
Kepahiang,2152.32,2326.73,70.3,89.05,9.26,-,58.29,64.04,917.95,970.67,1079.31,1183.09,11.9,12.36,5.3,7.52
Bengkulu Tengah,2050.2,2168.41,21.47,20.47,-,-,11.72,-,936.73,985.52,1064.47,1159.92,7.3,2.5,8.51,-
Kota Bengkulu,2187.95,2545.9,39.39,76.57,19.85,-,54.06,10.14,923.99,1053.94,1146.04,1401.63,1.34,1.93,3.29,1.7
Lampung Barat,2993.72,2885.5,135.21,97.11,16.6,7.64,29.59,22.24,1232.17,1155.72,1486.57,1550.71,93.59,43.6,-,8.48
Tanggamus,2705.07,3162.42,57.56,40.59,0.37,-,77.33,6.42,914.31,901.78,1593.75,2145.9,61.26,67.74,0.48,-
Lampung Selatan,3898.25,3968.65,93.35,70.98,3.94,11.99,109.93,65.93,1419.18,1480.61,2161.11,2193.14,107.61,120.03,3.14,25.96
Lampung Timur,3062.57,3525.65,146.1,196.11,4.09,3.36,41.14,42.63,1170.59,1330.52,1639.11,1816.25,60.66,136.78,0.88,-
Lampung Tengah,3522.69,3716.68,151.23,75.49,1.9,7.14,41.65,60.07,1349.84,1491.9,1891.35,1979.14,85.11,100.06,1.62,2.88
Lampung Utara,3125.41,2671.91,59.43,63.87,2.43,2.46,67.8,7.57,1333.18,1156.2,1594.74,1330.68,59.32,111.14,8.5,-
Way Kanan,2969.79,2955.51,66.43,34.33,4.59,2.35,96.34,29.87,1183.55,1343.13,1577.62,1493.1,40.08,38.02,1.19,14.72
Tulangbawang,2396.42,2910.05,52.07,41.55,-,1.04,56.63,30.86,945.37,1130.11,1301.96,1660.82,38.11,45.67,2.28,-
Pesawaran,3119.96,3145.43,141.34,9.41,5.42,-,45.32,12.65,1050.38,981.49,1716.43,2006.03,161.07,132.63,-,3.21
Pringsewu,3486.3,3447.87,102.56,41.76,1.54,1.13,94.05,57.48,1048.78,1088.28,2157.65,2178.47,81.72,78.19,-,2.55
Mesuji,3166.67,3631.72,48.16,62.3,-,-,10.25,4.04,1201.18,1396.14,1865.35,2127.21,38.97,40.14,2.77,1.89
Tulang Bawang Barat,2391.29,2437.88,16.92,15,2.31,27.58,24.92,4.2,856.87,917.1,1430.26,1396.21,60.02,77.78,-,-
Pesisir Barat,2748.2,2470.05,123.33,41.27,8.11,7.9,70.73,32.78,1105.93,1001.12,1384.61,1313.65,55.49,61.67,-,11.67
Kota Bandar Lampung,4303.96,4349.52,75.09,114.14,8.66,2.78,68.77,48.93,1919.73,1951.66,2126.03,2117.43,99.13,108.78,6.56,5.8
Kota Metro,3337.12,3250.56,99.22,41.15,-,1.3,34.69,21.63,1280.54,1157.17,1828.16,1964.87,88.56,64.44,5.95,-
Bangka,2563.94,2357.88,102.2,15.43,-,-,46.92,45.08,1211.01,1096.07,1201.59,1180.92,2.22,-,-,20.38
Belitung,2435.52,2331.15,90.77,57.47,0.77,-,57.07,131.47,1146.63,1103.74,1136.95,1017.08,-,2.47,3.34,18.91
Bangka Barat,2432.04,1917.81,16.74,12.37,1.85,-,33.08,21.87,1191.49,980.61,1188.88,900.48,-,2.48,-,-
Bangka Tengah,2327.33,2220.63,99.1,129.19,4.38,3.81,61.77,36.91,1103.88,996.93,1058.2,1046.3,-,7.49,-,-
Bangka Selatan,1664.87,1797.86,60.01,28.92,-,-,2.51,10.58,641.88,819.26,942.07,934.57,18.4,4.52,-,-
Belitung Timur,2584.12,2472.16,113.24,25.25,8.14,-,51,38.73,1211.67,1320.43,1122.05,1058.84,7.98,13.61,70.04,15.3
Kota Pangkal Pinang,2618.41,2975.13,29.45,101.16,0.83,5.23,37.39,63.99,1285.47,1436.19,1261.06,1365.24,3.9,3.33,0.31,-
Karimun,2825.45,2086.49,173.17,61.4,10.18,75.69,51.54,41.38,1295.85,1016.74,1284.66,889.49,4.16,-,5.89,1.79
Bintan,2881.48,3519.26,170.01,160.32,-,-,27.03,58.96,1394.88,1733.23,1283.04,1557.78,2.52,5.22,4.01,3.75
Natuna,2227.16,1651.8,27.07,43.49,2.21,-,43.65,4.88,993.89,687.71,1158.84,915.72,1.5,-,-,-
Lingga,1780.18,2064.18,32.58,157.89,-,-,34.27,13.91,902.44,917.75,807.83,934.88,-,9.67,3.06,30.08
Kepulauan Anambas,1341.48,1990.84,25.49,27.56,-,-,7.97,42.99,552.89,822.17,738.36,1098.12,16.77,-,-,-
Kota Batam,3005.45,3488.57,168.63,144.48,13.95,3.02,88.41,115.47,1426.5,1623.91,1297.75,1576.03,6.87,4.84,3.33,20.82
Kota Tanjung Pinang,2881.96,2518.47,137.88,40.57,2.98,11.11,68.22,12.58,1476.81,1250.03,1181.5,1190.65,12.6,2.41,1.97,11.13
Kep. Seribu,2538.56,2216.4,33.06,63.95,12.28,4.72,7.38,8.83,1144.74,1088.64,1233.03,926.94,108.07,123.31,-,-
Kota Jakarta Selatan,4338.67,4882.85,146.59,176.7,3.51,9.8,222.26,52.26,1880.3,2234.18,1990.55,2297.6,86.03,102.17,9.44,10.15
Kota Jakarta Timur,3353.72,3778.66,115.09,129.98,1.69,-,76.88,41.96,1547.05,1768.89,1504.84,1701.3,102.61,131.19,5.56,5.34
Kota Jakarta Pusat,3466.62,3324.29,103.96,66.12,11.79,18.46,39.23,10.44,1557.09,1527.62,1631.5,1563.9,123.05,133.18,-,4.59
Kota Jakarta Barat,3464.76,3488.21,151.04,115.27,11.56,8.33,68.41,47.27,1523.87,1552.08,1598.32,1663.5,93.03,86.08,18.52,15.68
Kota Jakarta Utara,3227.96,3644.94,165.15,267.51,12.37,24.77,68.47,14.44,1467.57,1548.66,1427.98,1691.49,79.31,80.29,7.1,17.78
Bogor,2770.86,3311.26,90.61,140.31,3.31,15.49,48.61,40.05,1209.55,1488.33,1265.95,1427.01,151.07,195.6,1.76,4.48
Sukabumi,2582.45,2866.25,57.8,85.37,13.08,30.76,82.82,16.06,1263.35,1387.07,1020.13,1206.75,145.27,138.97,-,1.28
Cianjur,2619.42,2184.82,36.32,75.62,9.98,6.11,53.91,40.03,1375.86,1165.94,1082.46,818.41,60.9,77.27,-,1.44
Bandung,3321.44,3071.3,78.3,52.32,6.76,7.46,130.08,169.37,1898.41,1714.28,1188.12,1084.49,19.77,37.31,-,6.07
Garut,3126.44,2884.9,62.71,51.16,2.78,10.82,128.21,130.66,1699.89,1527.96,1200.32,1113.66,29.71,37.37,2.82,13.28
Tasikmalaya,2555.91,2883.77,72.28,111.97,28.1,19.03,45.41,95.75,1244.16,1413.56,1131.74,1212.5,34.22,30.96,-,-
Ciamis,3462.89,3509.61,155.06,98.48,2.73,1.47,83.03,114.56,1693.34,1744.82,1487.76,1522.61,40.96,24.69,-,2.98
Kuningan,4791.54,4186.72,183.35,106.87,49.09,22.89,126.17,92.09,2047.09,1867.14,2199.21,1889.49,168.81,196.88,17.82,11.38
Cirebon,3178.47,3443.44,83.85,114.25,11.81,10.34,25.31,33.1,1456.86,1545.16,1485.69,1623.59,104.41,113.14,10.54,3.86
Majalengka,3246.68,2997.67,108.85,51.66,5.55,11.14,57.23,53.19,1472.63,1448.22,1356.09,1289.25,241.04,143.48,5.28,0.73
Sumedang,3234.91,3263.23,84.14,61.25,2.78,7.54,113.94,166.48,1719.02,1661.05,1160.43,1237.12,152.46,125.24,2.14,4.54
Indramayu,4056.33,4056,448.2,422.87,11.52,13.8,11.69,2.41,1512.75,1525.4,1897.27,1950.5,174.91,141.03,-,-
Subang,2967.95,3320.6,46.21,32.58,-,4.25,25.98,13.1,1387.45,1629.14,1400.47,1530.26,107.84,111.26,-,-
Purwakarta,3325.24,3290.56,63.16,82.31,6.81,18.26,60,39.98,1682.89,1630.34,1401.6,1430.7,99.9,88.96,10.89,-
Karawang,2828.73,2885.2,41.62,55.6,24.01,4.59,15.49,-,1233.06,1299.43,1342.11,1407.24,169.04,118.34,3.4,-
Bekasi,3655.16,3820.51,107.53,91.18,38.42,2,47.84,38.57,1570.49,1681.67,1661.68,1812.11,226.58,192.03,2.62,2.97
Bandung Barat,2539.8,3440.39,21.38,39.61,3.64,7.08,66.74,89.93,1478.39,1961.71,961.91,1318.46,5.97,17.81,1.77,5.8
Pangandaran,2975.94,3357.24,163.47,142.46,3.73,27.17,77.2,4.23,1299.68,1483.56,1399.49,1664.86,32.37,33.13,-,1.83
Kota Bogor,3800.48,3296.11,109.37,95.79,1.43,-,56.01,31.35,1738.22,1529.65,1751.48,1497,140.06,135.81,3.9,6.51
Kota Sukabumi,3032.92,3073.96,70.78,19.97,47.29,-,95.92,77.09,1696.47,1707.16,1018.79,1188.01,103.66,81.73,-,-
Kota Bandung,4634.59,4540.27,62.71,57.1,17.63,7.19,291.9,290.23,2627.8,2565.88,1603.4,1558.21,24.03,39.18,7.13,22.48
Kota Cirebon,3231.82,3163.77,81.08,102.76,3.23,14.34,53.31,44.36,1504.52,1358.16,1504.9,1541.74,65.22,88.9,19.56,13.53
Kota Bekasi,4576.59,4715.84,190.86,231.44,27.6,69.71,100.36,81.57,2033.48,2093.47,2099.49,2106.49,110.53,128.85,14.28,4.32
Kota Depok,4642.01,4957.23,204.21,168.82,11.62,13.06,98.8,99.17,2060.96,2355.49,2148.94,2205.08,108.77,100,8.71,15.6
Kota Cimahi,3993.72,4353.01,55.02,93.73,11.71,8.96,196.38,284.29,2394.18,2486.32,1300.84,1438.67,25.92,24.01,9.67,17.02
Kota Tasikmalaya,2594.42,2750.73,72.64,35.4,6.21,9.86,146.76,45.29,1258.78,1467.58,1068.84,1150.16,40.43,36.65,0.75,5.8
Kota Banjar,2605.18,2889.43,78.13,137.06,3.01,-,113.98,33.69,1183.89,1348.46,1210.57,1353.95,15.61,16.27,-,-
Cilacap,2713.52,2944.28,71.35,79.7,4.56,1.66,13.28,28.99,1125.38,1280.48,1489.53,1538.85,3.66,7,5.77,7.6
Banyumas,2933.08,3354.85,104.45,124.89,34.48,17.45,32.48,57.52,1383,1586.99,1328.91,1532.07,14.15,19.68,35.61,16.23
Purbalingga,3347.11,3255.14,123.82,91.95,11.36,11.84,26.56,16.76,1426.77,1428.74,1742.19,1690.37,6.97,8.59,9.44,6.9
Banjarnegara,3730.71,3225.68,111.11,54.24,10.44,5.15,56.6,42.91,1687.37,1475.1,1840.62,1636.63,12.11,3.23,12.46,8.42
Kebumen,3837.58,4245.61,118.63,129.17,26.42,3.85,25.93,12.31,1499.24,1594.3,2152.6,2500.96,6.92,4.66,7.84,0.37
Purworejo,3297.49,3169.47,72.86,77.24,12.33,-,35.55,20.26,1518.49,1459.07,1646.28,1600.51,6,11.66,5.98,0.73
Wonosobo,3394.89,3648.19,51.47,78.07,3.95,3.46,79.29,91.73,1662.24,1682.27,1578.85,1779.16,4.96,3.29,14.14,10.2
Magelang,3734.95,3460.71,62.79,66.89,-,4.26,55.99,33.88,1832.88,1775.97,1766.49,1569.15,10.2,4.32,6.61,6.25
Boyolali,4090.05,3558.12,136.59,28.19,1.49,3.83,32.59,12.97,2012.9,1788.75,1885.77,1698.18,14.1,10.11,6.62,16.1
Klaten,3369.65,3640.3,54.95,51.46,8.96,6.87,61.79,39.64,1657.79,1667.34,1571.93,1852.4,10.05,14.05,4.18,8.55
Sukoharjo,3536.58,3652.72,169.57,65.57,4.72,2.79,97.35,5.27,1601.09,1823.66,1622.32,1740.85,33.71,4.85,7.81,9.74
Wonogiri,4513.29,4800.53,132.01,76.95,8.81,17.01,22.63,34.33,2075.38,2321.14,2258.86,2331.63,7.49,0.47,8.12,19
Karanganyar,4030.08,3870.18,63.63,54.42,13.34,0.87,60.62,39.61,1777.49,1769.94,2099.71,1959.36,14.56,43.23,0.73,2.76
Sragen,3784.98,3963.54,42.09,72.92,9.26,32.5,36.23,50.51,1962.61,2008.88,1707.06,1779.96,16.92,7.39,10.8,11.39
Grobogan,3201.64,3717.64,41.41,72.52,11.17,9.24,0.56,23.82,1499.22,1713.74,1633.94,1889.35,14.46,5.88,0.87,3.08
Blora,3305.52,3416.99,169.47,85.86,13.04,1.88,13.48,24.1,1173.53,1327.12,1916.94,1955.96,9.08,10.51,9.97,11.56
Rembang,3238.66,3541.7,69.41,47.89,6.8,4.34,6.59,23.15,1053.63,1260.22,2090.93,2192.63,8.73,13.11,2.57,0.37
Pati,2439.32,2694.28,67.57,74.72,5.46,5.55,12.55,24.45,824.08,866.27,1525.29,1718.51,4.38,2.72,-,2.05
Kudus,3277.96,3547.96,51.6,61.09,0.8,8.49,24.86,9.78,1677.97,1850.12,1521.8,1613.23,0.24,5.26,0.69,-
Jepara,2950.81,3473.49,43.47,27.26,6.57,33.49,61.99,10.25,1380.92,1620.22,1451.94,1779.51,4.69,2.76,1.23,-
Demak,3348.95,3611.78,58.08,83.19,5.1,7.33,17.4,6.43,1545.11,1612.23,1722.75,1877.78,0.01,20.86,0.5,3.96
Semarang,4423.72,4408.82,51.78,96.05,-,3.65,14.38,14.62,2183.99,2057.12,2146.94,2215.75,7.45,15.75,19.18,5.88
Temanggung,2848.92,3013.97,34.5,53.04,0.53,-,62.88,43.39,1479.09,1532.69,1256.58,1376.24,1.17,1.49,14.17,7.12
Kendal,3473.36,3722.81,57.37,74.96,0.29,19.44,55.52,20.79,1622.93,1721.9,1724.7,1864.16,5.16,9.45,7.41,12.11
Batang,3303.4,3295.48,8.63,16.23,0.64,-,17.34,7.67,1511.57,1541.1,1760.32,1706.62,3.7,13.34,1.22,10.52
Pekalongan,3073.45,3338.04,90.85,33.5,4,2.58,30.36,11.91,1217.57,1367.92,1697.3,1883.01,12.79,34.43,20.58,4.7
Pemalang,3803.85,3532.69,32.5,28.35,4.06,0.34,28.6,40.9,1582.91,1614.34,2103.61,1818.49,40.95,23.27,11.23,6.99
Tegal,4038.58,3758.54,36.66,40.78,10.95,1.66,41.35,27.45,1687.33,1508.07,2211.87,2143.33,33.89,22.86,16.53,14.39
Brebes,2973.78,3500.52,25.53,25.08,5.69,15.07,41.83,12.55,1241.28,1494.51,1622.88,1904.84,33.66,41.11,2.91,7.36
Kota Magelang,3887.91,3989.97,107,63.44,-,22.61,193.21,133.26,1744.24,1900.02,1835.6,1804.1,0.26,0.16,7.61,66.38
Kota Surakarta,3632.25,4593.37,100.07,64.75,23.55,21.64,85.77,36.77,1632.38,2143.16,1753.96,2288.23,1.09,27.93,35.44,10.89
Kota Salatiga,4329.13,4946.55,52.39,46.71,2.41,0.88,76.91,72.98,2073.57,2309.37,2083.11,2475.84,2.81,22.72,37.93,18.04
Kota Semarang,4352.01,4587.36,50.5,78.32,35.58,16.4,47.54,164.17,1949.61,1870.68,2236.51,2261.36,6.85,6.03,25.41,190.4
Kota Pekalongan,2712.57,3047.84,18.77,15.97,5.8,2.24,16,17.53,1131.82,1147.85,1525,1854.09,5.33,3.08,9.86,7.08
Kota Tegal,3218.76,3061.19,31.25,58.28,0.77,31.63,51.3,49.47,1385.61,1352.25,1710.47,1551.65,18.87,12.09,20.5,5.82
Kulon Progo,2916.85,3203.58,50.05,36.33,3.47,0.58,33.28,26.96,1252.43,1430.43,1575.15,1706.07,0.88,-,1.58,3.21
Bantul,3580.53,3438.33,110.15,98.21,4.24,2.55,28.65,11.64,1443.52,1434.33,1982.23,1876.32,2.14,6.81,9.59,8.48
Gunung Kidul,3991.72,3840.05,196.67,119.85,58.71,19.18,98,55.27,1771.24,1768.59,1853.77,1874.78,9.2,1.29,4.12,1.09
Sleman,3397.36,3693.44,80.59,172.27,0.29,8.03,65.86,71.22,1404.69,1504.49,1827.57,1909.82,5.54,10.16,12.81,17.45
Kota Yogyakarta,3114.27,3237.57,107.5,145.53,13.44,17.19,45.82,40.56,1357.17,1416.93,1572.31,1610.88,1.63,4.31,16.4,2.17
Pacitan,3710.2,3371.71,19.76,69.39,2.32,5.47,-,5.8,1908.55,1748.94,1770.54,1537.29,7.23,1.76,1.79,3.06
Ponorogo,3584.18,3347.47,143.94,104.92,30.85,15.89,63.16,40.59,1448.3,1335.88,1862.77,1790.85,6.91,5.99,28.24,53.36
Trenggalek,2854.96,2997.22,52.71,52.59,2.65,2.45,45.31,40.58,1200.39,1272.55,1542.07,1623.81,3.29,0.72,8.54,4.52
Tulungagung,3612.54,3858.99,70.38,103.68,1.46,28.61,108.02,107.67,1848.26,1830.72,1551.67,1768.73,3.16,15.79,29.58,3.79
Blitar,2997.37,2687.81,102.59,54.92,8.7,4.2,90.35,44.82,1389.28,1338.16,1377.99,1215.18,0.26,1.57,28.2,28.97
Kediri,4292.55,4450.33,179.62,179.67,11.32,7.06,82.64,113.03,2229.93,2237.52,1777.91,1891.69,-,1.36,11.13,20.01
Malang,3879.97,3714.09,100.71,64.48,2.26,12.42,9.07,24.04,1774.34,1738.43,1925.69,1810.44,26.1,31.64,41.79,32.65
Lumajang,4300.22,4521.32,239.97,273.66,13.9,24.32,21.34,27.52,1954.13,1958.4,2055.78,2223.82,15.11,13.14,-,0.47
Jember,4261.76,4365.29,212.28,208.96,21.98,13.58,40.04,18.73,1888.86,2031.63,2068.31,2077.11,19.84,10.57,10.44,4.72
Banyuwangi,3714.99,3607.05,85.83,47.17,18.66,0.85,52.33,28.99,1796.35,1714.3,1736.98,1784.83,8.51,16.64,16.34,14.27
Bondowoso,4257.18,4671,175.8,136.99,19.49,1.6,23.23,37.95,2043.01,2459.63,1993.36,2029.11,-,5.01,2.29,0.7
Situbondo,4610.96,3935.09,304.23,266.39,-,3.93,18.3,19.52,2545.47,2047.33,1737.94,1595.7,5.02,2.04,-,0.18
Probolinggo,3892.65,3848.11,164.74,95.34,-,10.09,50.63,18.25,1911.26,1851.54,1758.36,1865.24,1.99,5.77,5.66,1.89
Pasuruan,4453.68,4857.89,149.34,143.21,4.96,6.69,24.29,13.94,1881.76,2029.12,2350.34,2634.17,22.8,23.6,20.19,7.15
Sidoarjo,4534.25,4974.16,149.79,91.04,38.15,18.78,90.02,57.1,2050.39,2311.11,2184.02,2472.85,1.37,10.1,20.51,13.17
Mojokerto,4209.12,4757.95,193.97,294.31,19.14,12.41,114.98,95.46,1917.33,2185.08,1953.04,2161.88,6.72,6.09,3.93,2.72
Jombang,4172.79,4313.26,158.66,179.58,2.33,17.2,145.17,64.96,1930.37,2064.34,1911.2,1979.15,12.58,2.61,12.47,5.43
Nganjuk,5393.17,5120.25,112.26,62.52,6.02,5.53,81.97,12.97,2485.85,2462.14,2703.7,2557.26,-,11.83,3.38,8
Madiun,4129.55,4016.07,191.3,76.04,11.65,1.62,50.46,43.27,1728.4,1723.83,2127.94,2163.86,6.73,5.34,13.07,2.11
Magetan,4092.27,3991.48,191.24,147.52,12.05,3.89,74.34,38.21,1605.21,1683.47,2187.41,2058.67,2.03,3.5,20,56.2
Ngawi,3571.1,3231.18,110.31,68.25,1.26,4.14,6.56,14.89,1480.16,1339.06,1953.68,1785.75,7.04,4.91,12.09,14.17
Bojonegoro,3704.52,3546.35,118.36,122.01,21.78,13.77,6.65,2.43,1222.26,1268.05,2309.99,2128.58,21.78,7.36,3.7,4.15
Tuban,3099.32,3465.22,62.91,129.06,3.63,10.09,26.41,23.88,1290.95,1443.12,1708.84,1850.67,5.59,4.5,0.99,3.9
Lamongan,2951.29,3086.48,137.74,169.96,5.25,6.05,40.58,56.95,1455.25,1449.36,1307.15,1390.53,5.32,10.54,-,3.09
Gresik,3690.25,3437.71,150.21,86.95,21.64,26,148.28,67.15,1743.8,1644.02,1616.21,1602.56,6.6,6.8,3.49,4.23
Bangkalan,2829.4,3142.66,522.21,672.03,3.6,-,56.57,8.34,1247.38,1358.11,989.42,1100.53,7.99,3.64,2.21,-
Sampang,3710.2,2912.48,494.84,405.81,2.68,0.96,9.98,1.92,1811.73,1323.26,1389.38,1180.53,1.59,-,-,-
Pamekasan,2857.11,2650.71,638.47,458.09,-,-,10.45,27.22,1279.24,1230.04,923.79,932.35,5.03,3.01,0.14,-
Sumenep,3748.33,5366.75,938.18,1806.68,5.2,10.83,50.63,35.54,1637.88,1997.68,1098.49,1490.25,12.61,12.09,5.33,13.66
Kota Kediri,4282.36,4429.42,39.82,63.01,4.76,-,73.62,43.41,2386.72,2452.8,1735.03,1825.85,9.51,3.06,32.89,41.29
Kota Blitar,3430.55,3064.47,100.82,55.58,24.84,4.69,66.54,12.7,1578.82,1547.18,1633.84,1433.66,-,5.08,25.7,5.56
Kota Malang,5361.55,5816.84,104.6,165.89,13.58,5.48,69.76,35.29,2422.68,2664.47,2642.04,2812.92,25.32,43.42,83.58,89.37
Kota Probolinggo,4411.23,4132.99,90.25,92.49,-,-,54.6,44.21,2226.29,2113.36,2028.29,1882,0.6,-,11.2,0.93
Kota Pasuruan,4664.28,4886.92,62.12,73.24,-,2.11,25.67,32.28,2150.33,2245.32,2372.56,2516.66,1.02,9.95,52.59,7.36
Kota Mojokerto,4994.19,4762.59,81.9,121.09,-,-,43.5,93.77,2407.32,2249.91,2457.04,2295.81,-,-,4.44,2.02
Kota Madiun,4142.13,4856.41,111.24,100.96,1.22,11.51,91.76,14.67,1669.92,2057.35,2241.31,2643.48,17.44,12.53,9.24,15.9
Kota Surabaya,4506.76,4485.05,111.69,114.39,2.65,12.47,99.46,47.41,2148.96,2215.41,2129.96,2062.77,5.99,10.69,8.05,21.9
Kota Batu,4469.35,5107.53,150.61,141.44,-,43.17,60.81,29.61,1967.82,2204.67,2256.46,2650.88,19.44,27.54,14.21,10.22
Pandeglang,2565.64,2692.98,53.22,34.79,2.32,6.06,12.22,8.2,1068.59,1026.17,1340.11,1489.35,89.18,128.42,-,-
Lebak,3368.47,3720.13,146.91,219.72,65.26,97.21,81.81,17.94,1372,1530.7,1595.78,1706.75,105.15,143.71,1.56,4.11
Tangerang,3014.54,3338.53,51.1,140.45,2.52,19.55,12.31,33.77,1352.26,1473.78,1466.8,1507.1,123.93,162.56,5.63,1.3
Serang,2768.86,3482.88,71.68,56,0.54,1.16,6.42,7.88,1177.26,1510.33,1420.51,1751.34,92.46,156.17,-,-
Kota Tangerang,4078.7,4583.65,98.65,177.92,2.18,21.67,40.45,11.53,1871.67,2128.11,1956,2061.1,105.54,182.2,4.22,1.12
Kota Cilegon,3858.67,3528.28,88.38,89.9,-,-,56.64,92.73,1671.29,1542.67,1954.69,1725.03,84.56,76.76,3.11,1.19
Kota Serang,3763.1,4143.94,13.86,133.47,-,13.19,69.31,38.32,1684.13,1878.62,1910.67,1977.74,84.25,102.6,0.89,-
Kota Tangerang Selatan,4585.94,4209.54,140.63,64.23,19.47,10.61,16.4,54.37,2283.63,1972.39,2025.97,2011.5,99.84,93.88,-,2.56
Jembrana,3096.04,3067.49,215.96,60.79,10.19,7.11,44.79,22.36,1578.57,1580.46,1243.42,1396.77,3.11,-,-,-
Tabanan,3370.22,2936.49,338.06,174.97,11.05,16.31,44.64,22.18,1461.52,1327.48,1513.17,1387.79,1.78,1.56,-,6.2
Badung,4139.51,3522.18,208.27,164.44,16.81,66.15,62.05,45.74,1944.66,1619.17,1907.73,1626.14,-,0.54,-,-
Gianyar,3204.38,3442.61,150.24,99.52,26.62,6.94,74.28,88.56,1454.21,1574.57,1499.03,1654.06,-,15.65,-,3.31
Klungkung,2988.9,3429.63,202.26,180.07,46.43,44.42,169.78,116.05,1277.55,1507.77,1291.1,1537.16,1.77,-,-,44.16
Bangli,3717.34,3755.34,275.42,302.42,19.22,13.86,86.24,137.64,1723.51,1706.67,1543.53,1570.87,-,-,69.42,23.86
Karangasem,2064.31,2218.46,263.14,157.66,12.13,34.63,158.97,292.69,733.98,812.93,840.25,920.56,4.38,-,51.46,-
Buleleng,2816.12,2701.58,403.26,322,56.92,40.84,181.93,131.01,983.47,1061.64,1178.13,1115.74,-,2.95,12.41,27.4
Kota Denpasar,3902.69,3953.62,228.29,148,31.1,45.65,36.41,50.17,1805.35,1764.6,1800.02,1944.31,-,0.88,1.51,-
Lombok Barat,3155.46,3579.84,327.29,289.72,92.87,109.58,68.77,110.69,1248.32,1457.97,1416.59,1605.26,1.62,3.19,-,3.43
Lombok Tengah,3191.85,3529.21,434.89,431.37,222.64,221.27,254.17,213.84,1089.25,1290.45,1161.98,1330.63,3.3,-,25.61,41.64
Lombok Timur,4609.19,4330.57,546.77,438.01,288.03,269.93,147.47,171.57,1889.2,1791.5,1715.14,1624.82,19.36,5.66,3.22,29.09
Sumbawa,2256.73,2535.76,224.3,284.08,16.02,13.65,25.1,29.91,1063.8,1212.35,927.01,992.73,0.5,3.04,-,-
Dompu,1857.78,1981,122.27,28.97,11.86,5.22,31.13,20.8,933.7,1026.39,755.1,895.16,3.72,4.45,-,-
Bima,1654.85,1610.13,301.47,342.77,1.43,4.41,68.68,45.08,678.09,663.51,603.55,554.36,1.64,-,-,-
Sumbawa Barat,3048.3,2976.56,347.52,197.66,41.92,35.28,37.32,10.14,1246.71,1302.52,1363.13,1387.22,7.43,2.27,4.28,41.47
Lombok Utara,3064.82,4037.56,366.07,609.91,42.69,123.4,202.25,133.3,1276.85,1564.71,1160.43,1592.74,-,12.09,16.52,1.42
Kota Mataram,4595.4,4619.43,380.92,342.67,95.93,48.15,115.91,69.35,1905.26,1997.53,2089.44,2145.28,2.72,15.07,5.23,1.38
Kota Bima,2560.18,2596.42,178.52,135.72,-,3.52,24.06,16.75,1240.35,1183.49,1114.23,1235.49,3.02,-,-,21.45
Sumba Barat,1115.52,1314.39,70.19,53.85,-,-,17.43,43.07,567.91,659.58,459.99,547.77,-,-,-,10.13
Sumba Timur,1474.84,1694.43,221.65,276.17,6.57,-,178.37,73.77,615.86,792.25,452.39,545.14,-,0.44,-,6.67
Kupang,1874.42,2336.19,282.1,645.91,-,5.72,418.19,194.15,580.31,715.47,583.04,766.38,1.1,2.9,9.68,5.65
Timor Tengah Selatan,2602.81,3656.68,533.6,1153.42,3.79,2.3,684.9,1042.64,731.4,680.73,649.13,770.57,-,-,-,7.03
Timor Tengah Utara,2878.67,3494.24,255.59,1096.09,2.64,-,638.17,442.52,995.09,942.94,972.85,998.8,-,-,14.33,13.9
Belu,2835.24,2819.27,356.3,352.09,3.44,27.58,179.65,416.82,1166.28,990.17,1121.16,1012.27,8.4,7.08,-,13.28
Alor,1370.83,1822.82,163.29,174.69,9.89,-,487.91,724.08,355.4,478.53,322.21,434.28,-,3.13,32.12,8.11
Lembata,1209.92,1831.18,447.31,567.21,-,25.17,40.12,362.26,400.61,460.02,308,408.13,-,-,13.88,8.39
Flores Timur,1247.3,1300.23,127.1,242.53,-,-,49.69,74.32,662.01,575.15,407.49,408.22,-,-,1.02,-
Sikka,960.85,877.63,134.98,120.81,-,-,88.49,99.61,464.69,379.04,272.69,278.17,-,-,-,-
Ende,1772.11,1947.06,106.31,109.89,12.78,16.3,69.44,137.04,919.99,952.04,663.58,700.64,-,-,-,31.14
Ngada,1871.44,2431.89,189.38,202,18.95,36.61,178.83,83.31,792.55,1105.62,691.73,995.58,-,0.02,-,8.75
Manggarai,2785.72,2531.6,51.71,44.27,25.79,2.44,594.44,386.33,1012.71,1006.04,1072.16,1087.23,-,-,28.91,5.29
Rote Ndao,1767.71,784.1,465.41,88.37,-,-,234.13,12.83,570.01,389.55,490.05,293.35,1.02,-,7.09,-
Manggarai Barat,1618.05,1372.46,55.73,38.6,-,-,307.9,202.51,581.31,541.85,672.02,578.39,-,6.24,1.1,4.87
Sumba Tengah,1134.03,1015.01,217.79,196.5,3.17,4.53,108.86,77.81,377.75,339.22,426.46,396.96,-,-,-,-
Sumba Barat Daya,1908.96,1665.26,705.89,212.23,12.75,2.12,139.78,225.1,549.33,654.76,498.53,527.03,0.83,36.42,1.86,7.61
Nagekeo,1247.49,1216.35,112.05,211.87,24.58,12.13,53.22,139.36,548.5,445.59,506.58,406.2,2.58,1.22,-,-
Manggarai Timur,1621.33,1806.36,71.19,47.36,25.56,45.35,226.29,338.48,529.68,671.58,767.96,694.19,-,9.39,0.65,-
Sabu Raijua,5362.56,3781.66,370.15,372.67,17.52,37.04,4127.13,2530.05,374.8,459.32,448.49,376.89,-,-,24.47,5.71
Malaka,2406.2,2397.93,125.18,112.59,2.43,20.03,506.55,582.21,909.6,819.33,853.06,852.92,7.26,9.48,2.11,1.37
Kota Kupang,3714.61,2888.12,188.12,134.79,-,-,269.28,160.83,1670.08,1315.14,1584.64,1263.36,2.49,9.13,-,4.88
Sambas,1819.31,1539.43,71.38,53.5,10.29,13.33,25.97,21.3,857.25,774.08,849.28,677.23,5.14,-,-,-
Bengkayang,2474.68,2638.08,41.22,66.96,4.92,-,26.94,3.63,1367.76,1429.83,1021.43,1117.55,4.1,12.95,8.31,7.15
Landak,2140.91,2509.64,127.95,99.57,2.16,21.93,65.11,10.45,1104.62,1308.49,829.03,1064.87,10.97,4.33,1.05,-
Mempawah,1845.73,1946.7,83.04,13.45,23.2,-,75.76,13.25,822.65,982.77,829.29,929.76,4.56,7.46,7.23,-
Sanggau,2268.34,2341.7,85.5,49.58,23.46,2.24,36.07,39.7,1101.63,1142.78,1019.71,1102.37,1.97,5.03,-,-
Ketapang,2441.41,2719.99,45.63,34.8,12.46,12.35,13,23.17,985.13,1232.08,1380.37,1400.98,4.82,16.62,-,-
Sintang,1826.34,2023.93,100.65,93.71,-,-,44.43,23.39,872.37,1069.09,794.99,836.8,11.66,0.94,2.24,-
Kapuas Hulu,1365.83,1783.48,22.33,95.72,-,-,8.85,18.71,744.24,859.75,588.11,800.29,2.3,9.01,-,-
Sekadau,1893.91,2374.24,99.89,105.32,48.56,37.02,39.44,23.99,946.2,1146.77,751.17,1038.61,1.21,22.53,7.43,-
Melawi,2050.06,2275.94,41.43,34.15,-,-,36.82,19.41,1039.83,1192.75,931.98,1029.63,-,-,-,-
Kayong Utara,2322.9,2486.72,87.46,178.73,-,-,91.61,38,973.33,1040.75,1170.5,1229.23,-,-,-,-
Kubu Raya,2179.76,2122.13,134.47,57.1,-,7.31,139.1,17.02,841.91,935.53,1052.6,1076.1,11.68,1.05,-,28.02
Kota Pontianak,2732.29,3088.14,84.66,126.74,21.97,28.86,141.71,72.06,1307.47,1509.36,1170.43,1338.14,6.05,7.9,-,5.08
Kota Singkawang,3074.59,2879.7,213.71,67.72,11.2,10.4,45.58,42.44,1638.08,1651.69,1124.13,1074.34,7.36,2.45,34.54,30.66
Kotawaringin Barat,4251.58,4855.17,188.75,141.08,7.82,62.95,87.88,141.01,2025.96,2128.31,1918.77,2342.82,11.75,39,10.66,-
Kotawaringin Timur,3492.38,3475.02,253.02,85.4,9.54,-,30.84,62.6,1669.16,1618.32,1523.81,1703.15,6,5.55,-,-
Kapuas,2085.76,2144.24,49.77,114.2,-,-,9.76,43.12,1044.4,924.94,981.82,1052.07,-,9.91,-,-
Barito Selatan,2123.4,2230.96,55.49,38.21,-,-,39.5,21.57,1017.63,1147.69,1006.14,1006.48,2.03,17.01,2.61,-
Barito Utara,2358.24,2826.39,79.1,271.33,-,-,39.05,33.01,1201.86,1316.08,1033.73,1205.88,4.5,0.09,-,-
Sukamara,3549.59,3496.74,101.95,95.45,-,64.86,30.17,16.47,1756.03,1544.92,1650.65,1733.89,10.79,41.14,-,-
Lamandau,4619.37,4346.25,160.48,97.03,-,54.9,32.61,12.41,2225.92,2087.61,2191.81,2092.23,8.55,1.36,-,0.71
Seruyan,3000.89,3759.46,144.88,62.3,6.57,3.5,-,33.7,1561.23,1928.98,1288.21,1725.43,-,5.55,-,-
Katingan,2519.58,2510.79,65.85,45.94,-,-,-,-,1285.65,1151.05,1168.08,1294.53,-,19.26,-,-
Pulang Pisau,3461.19,3054.33,177.39,137.69,-,-,61.03,-,1596.94,1502.72,1609.66,1413.92,16.17,-,-,-
Gunung Mas,1733.09,2130.09,24.09,52.34,-,1.34,39.37,13.01,884.18,1138.79,785.45,913.29,-,11.31,-,-
Barito Timur,2280.92,2071.68,87.33,64.06,-,-,115.17,15.88,1019.92,986.72,1042.39,1005.02,16.12,-,-,-
Murung Raya,2099.06,2250.93,75.12,91.41,2.74,-,4.11,-,1084.04,1156.06,933.05,1003.47,-,-,-,-
Kota Palangka Raya,2952.42,4080,86.07,190.03,35.93,6.17,35.56,31.3,1424.42,2043.04,1352.12,1802.9,18.32,6.56,-,-
Tanah Laut,2649.14,2784.59,76.91,105.07,-,14.5,7.49,22.45,1341.91,1337.73,1218.51,1294.5,1.47,10.33,2.86,-
Kota Baru,2500.22,3246.75,82.63,102.85,-,11.2,19.31,68.58,1132.72,1481.94,1260.98,1575.7,-,4.2,4.58,2.28
Banjar,2166.23,2095.74,149.69,143.76,7.98,-,4.5,22.09,947.83,921.4,1053.96,983.74,2.27,19.16,-,5.59
Barito Kuala,2046.73,2167.9,174.3,113.91,3.67,2.66,25.91,15.92,864.63,973.11,978.21,1057.58,-,3.49,-,1.23
Tapin,2800.03,2606.68,167.39,143.71,10.63,-,7.96,17.57,1257.9,1272.35,1342.13,1155.86,10.74,17.19,3.27,-
Hulu Sungai Selatan,2036.71,1816.07,106.66,37.16,-,-,3.75,3.01,894.23,755.49,1019.99,1008.9,12.08,11.51,-,-
Hulu Sungai Tengah,2332.79,2305.38,133.31,91.53,24.7,8.46,-,-,968.19,1106.21,1203.36,1097.55,3.23,1.62,-,-
Hulu Sungai Utara,1542.89,1765.04,48.34,65.96,-,-,17.78,7.16,694.85,775.09,777.49,914.13,4.43,2.69,-,-
Tabalong,2432.89,3222.17,124.28,194.6,5.08,-,20.13,22.83,1162.44,1385.04,1116.56,1554.45,4.4,44.79,-,20.47
Tanah Bumbu,3221.93,3289.98,172.49,69.5,2.47,4.24,32.74,12.57,1415.21,1475.96,1595.61,1720.71,-,7,3.41,-
Balangan,2356.45,2394.76,121.13,85.4,9.34,-,-,-,1066.88,1147.66,1158.16,1158.77,0.94,2.94,-,-
Kota Banjarmasin,2434.48,2293.16,217.81,151.91,10.75,20,27.2,22.5,1096.86,1062.49,1050.7,1025.51,30.43,8.11,0.73,2.64
Kota Banjar Baru,3745.68,3844.39,213.46,211.52,133.15,7.46,46.29,31.54,1777.95,1838.44,1566.36,1743.6,8.47,11.82,-,-
Paser,3841.56,3726.46,145.7,151.29,-,-,23.33,3.69,1804.06,1798.06,1855.49,1744.59,0.41,24.66,12.57,4.17
Kutai Barat,2787.23,2680.69,79.67,113.76,-,-,39.48,13.99,1233.56,1211.67,1415.03,1332.3,9.9,3.6,9.58,5.38
Kutai Kartanegara,3186.06,3246.47,76.13,185.61,10.35,4.86,34.18,6.65,1448.46,1463.31,1613.62,1577.34,3.33,8.7,-,-
Kutai Timur,4045.19,3977.5,133.9,193.04,6.81,9.31,52.21,55.23,1861.99,1718.2,1965.2,1996.25,16.91,5.47,8.18,-
Berau,3662.37,4192.69,223.27,137.94,-,-,38.83,99.86,1597.7,1871.05,1792.45,2046.65,10.12,24.98,-,12.21
Penajam Paser Utara,3745.94,3771.85,169.35,123.93,-,1.43,52.95,13.36,1777.55,1738.28,1744.31,1881.04,1.77,13.81,-,-
Mahakam Ulu,2848.03,3420.17,124.33,217.01,-,-,-,60.15,1287.11,1903.86,1419.93,1215.6,16.67,2.04,-,21.52
Kota Balikpapan,3399.02,4225.97,71.9,117.26,4.18,10.42,65.31,23.15,1666.65,2090.9,1588.47,1958.7,1.56,22.11,0.95,3.43
Kota Samarinda,3053.13,3797.12,145.89,146.86,3.89,14.21,129.71,42.52,1266.31,1812.04,1476.89,1776.72,28.19,4.75,2.26,-
Kota Bontang,3775.22,3520.93,151.27,120.35,-,4.79,97.89,28.85,1794.05,1698.49,1724.68,1621.99,7.33,46.46,-,-
Malinau,2009.73,2398.74,199.8,329.44,33.73,-,15.95,-,957.38,1016.57,802.87,1052.16,-,0.58,-,-
Bulungan,3520.02,3680.32,136.44,207.8,10.01,-,42.6,4.79,1686.39,1806.11,1631.26,1661.62,-,-,13.34,-
Tana Tidung,3375.96,3627.25,176.94,67.86,-,-,7.52,24.09,1607.38,1665.46,1580.6,1836.05,3.53,28.39,-,5.39
Nunukan,2278.81,2441.48,104.95,81.85,-,-,31.98,14.78,928.78,1132.31,1156.49,1210.19,52.55,2.34,4.05,-
Kota Tarakan,3370.15,3639.29,115.92,132.39,3.78,2.03,106.45,3.51,1485.9,1650.88,1573.66,1845.86,84.43,4.62,-,-
Bolaang Mongondow,2059.81,2141.16,196.66,252.05,15.93,4.11,7.81,80.2,939.23,937.5,900.18,865.38,-,1.92,-,-
Minahasa,1762.71,2218.35,47.21,40.18,2,-,35.93,33.73,1089.59,1365.75,587.97,773.79,-,4.9,-,-
Kepulauan Sangihe,916.51,1200.9,38.21,23.86,-,-,27.57,0.18,702.12,1058.74,148.61,113.66,-,-,-,4.46
Kepulauan Talaud,1839,1992.82,115.18,126.74,-,31.4,105.44,69.12,1473.37,1483.99,127.47,281.57,-,-,17.54,-
Minahasa Selatan,1983.25,2132.6,215.78,234.31,-,-,60.65,94.98,1034.91,1133.52,638.03,643.2,6.06,9.23,27.81,17.34
Minahasa Utara,2058.43,2812.56,107.3,301.67,-,9.88,32.1,183.94,1180.35,1268.61,728.41,1037.41,10.28,3.61,-,7.43
Bolaang Mongondow Utara,2051.3,1661.26,439.21,100.75,-,5.5,138.64,0.9,938.43,948.64,527.42,603.59,7.61,1.89,-,-
Siau Tagulandang Biaro,892.18,1207.11,57.13,98.32,3.74,-,7.84,3.76,698.91,922.73,122.01,182.3,2.56,-,-,-
Minahasa Tenggara,1558.68,1764.26,116.78,87.49,14.48,29.33,75.48,134.5,915.37,944.8,429.18,523.54,7.39,-,-,44.6
Bolaang Mongondow Selatan,1046.23,1221.49,119.48,235.76,10.62,3.21,7.73,57.69,553.52,632.75,354.88,292.09,-,-,-,-
Bolaang Mongondow Timur,1922.54,2401.78,92.49,297.74,16.9,3.06,20.26,25.41,994.62,1140.99,798.27,932.41,-,2.18,-,-
Kota Manado,1996.42,2661.27,85.69,44.43,-,-,58.21,98.96,1071.91,1370.32,772.79,1134.94,7.83,-,-,12.62
Kota Bitung,2333.48,2300.57,107.36,34.25,-,-,27.27,47.68,1296.89,1412.53,894.7,797.83,3.33,2.29,3.93,5.98
Kota Tomohon,2529.37,2496.62,97.15,138.1,-,6.99,141.06,106.89,1499.22,1466.8,780.62,756.98,11.32,9.16,-,11.69
Kota Kotamobagu,2151.4,1962,100.59,95.19,5.01,0.25,18.77,56.1,1039.5,908.78,978.87,894.75,4.3,6.93,4.37,-
Banggai Kepulauan,782.16,845.49,137.53,79.5,-,-,20.1,11.91,440.22,531.9,180.88,222.18,3.43,-,-,-
Banggai,2111.02,2586.97,93.75,64.89,-,18.07,56.37,47.56,1111.19,1281.54,840.15,1174.27,9.57,0.64,-,-
Morowali,2253.69,2056.25,148.58,87.81,3.27,-,26.62,8.91,991.27,997.2,1081.74,962.33,2.22,-,-,-
Poso,2657.78,2674.46,211.63,112.1,-,10.4,15.48,59.82,1258.07,1316.51,1171.87,1172.2,0.73,3.44,-,-
Donggala,1703.55,1735.43,218.28,145.28,2.96,-,14.18,49.75,774.14,789.11,690.21,749.82,3.78,0.5,-,0.97
Toli-Toli,1437.86,1964.94,222.48,198.91,-,-,58.3,-,610.67,803.16,545.45,961.28,0.21,1.59,0.76,-
Buol,1640.47,1354.7,224.28,63.21,-,-,43.07,28.45,829.28,718.9,543.83,544.14,-,-,-,-
Parigi Moutong,1869.52,2215.17,98.2,187.77,-,-,52.07,10.37,846.17,1040.12,866.11,973.46,6.96,3.44,-,-
Tojo Una-Una,1191.98,1352.22,61.4,61.98,-,-,49.34,45.63,573.77,696.49,507.47,548.12,-,-,-,-
Sigi,2290.72,2380.06,121.85,88.98,-,-,7.63,49.7,1112.36,1188.85,1048.07,1035.3,0.82,17.23,-,-
Banggai Laut,696,1052.24,68.3,78.28,1.45,11.6,1.6,-,448.29,686.32,176.35,276.04,-,-,-,-
Morowali Utara,2494.22,2760.19,278.96,260.97,4.74,-,46.47,125.88,1073.23,1249.31,1059.89,1117.74,7.17,6.29,23.76,-
Kota Palu,2615.79,2874.34,90.78,104.2,17.85,6.18,66.97,25.85,1252.95,1407.32,1184.98,1282.59,-,39.25,2.26,8.93
Kepulauan Selayar,1496.73,1405.53,504.98,379.13,7.98,-,207.8,125.01,312.64,343.32,457.28,553.18,-,-,6.04,4.89
Bulukumba,1776.39,2087.62,371.32,633.44,1.73,1.55,216.7,124.55,461.19,586.59,720.54,741.24,-,0.25,4.9,-
Bantaeng,1702.56,1668.81,416.78,251.24,10.66,12.37,56.65,70.99,481.3,565.04,731.96,769.17,5.21,-,-,-
Jeneponto,1789.85,2037.71,186.85,235.62,9.56,-,206.57,374.6,629.61,559.01,733.54,864.71,1.96,3.76,21.75,-
Takalar,1329.39,1342.72,175.67,214.7,-,-,34.37,21.31,412.05,455.04,704.3,638.55,3,13.13,-,-
Gowa,2087.03,1669.95,163.07,253.82,-,3.32,54.96,26.38,775.26,605.55,1091.79,773.34,1.96,5.51,-,2.01
Sinjai,1822.46,1649.88,558.37,245.85,9.41,14.39,60.48,214.72,553.82,608.13,630.21,566.56,10.16,0.23,-,-
Maros,1750.12,2038.1,250.67,194.28,-,3.43,50.72,33.98,690.37,822.26,758.37,980.47,-,3.44,-,0.23
Pangkajene dan Kepulauan,1811.77,1896.59,325.91,294.89,1.97,-,23.83,10.96,682.43,778.23,771.13,808.49,6.5,1.53,-,2.49
Barru,1701.73,1908.93,400.82,308.99,7.68,-,24.28,10.98,528.45,631.19,733.61,954,6.9,3.76,-,-
Bone,1307.64,1506.19,301.2,291.89,-,-,64.47,68.22,398.48,495.04,536.22,647.96,4.09,3.08,3.17,-
Soppeng,1354.37,1178.83,321.53,105.39,-,13.71,85.03,80.56,423.06,436.09,524.18,541.8,-,1.27,0.57,-
Wajo,1547.67,1385.11,337.29,283.87,-,4.65,13.64,19.59,499.62,437.87,696.61,639.14,0.52,-,-,-
Sidenreng Rappang,2402.06,1976.31,382.16,193.54,3.18,-,41.65,13.9,857.75,734.39,1117.33,1022.32,-,12.16,-,-
Pinrang,1655.79,1297.9,158.9,73.46,-,-,1.15,6.55,622.78,483.92,872.96,722.11,-,11.86,-,-
Enrekang,3588.01,3369,308.88,135.88,1.81,6.97,42.87,23.96,1730.35,1654.97,1500.33,1544.89,3.77,0.75,-,1.57
Luwu,1501.83,1526.75,193.07,197.53,-,1.8,15.1,60.63,614.58,645.93,679.08,620.84,-,-,-,-
Tana Toraja,1597.66,1643.92,91.24,13.82,6.94,-,31.78,10.8,680.12,717.65,785.46,874.33,2.11,4.81,-,22.5
Luwu Utara,2117.47,1859.74,302.28,256.99,3.91,7.7,132.61,60.96,743.76,734.28,926.82,798.96,-,0.85,8.11,-
Luwu Timur,2144.24,1895.76,227.66,332.1,3.31,-,54.63,24.03,969.32,756.14,889.33,781.19,-,2.3,-,-
Toraja Utara,1900.44,1715.66,63.35,37.31,3.6,0.38,11.06,2.66,728.31,699.77,1091.82,972.91,1.46,2.62,0.86,-
Kota Makasar,2668.86,2852.24,274.23,163.54,-,-,90.72,66.77,977.36,1167.72,1294.93,1438.66,21.79,4.22,9.82,11.33
Kota Parepare,2269.32,1703.26,191.45,48.07,-,-,66.19,8.57,861.45,624.85,1149.94,1017.27,-,4.5,0.27,-
Kota Palopo,1519.86,1844.45,111.61,153.91,-,40.34,31.85,40.61,677.28,805.98,699.11,801.57,-,2.05,-,-
Buton,842.37,790.25,20.05,34.04,-,23.81,15.57,2.35,402.82,326.01,403.93,403.1,-,0.95,-,-
Muna,1422.7,1329.52,81.02,88.06,3.15,-,32.6,15.12,677.04,686.71,628.9,539.63,-,-,-,-
Konawe,2000.9,1811.63,76.19,62.51,-,-,36.85,13.72,937.69,812.82,950.17,920.27,-,2.3,-,-
Kolaka,1713.04,1598.03,115.7,126.8,1.59,10.54,8.88,14.04,743.62,744.39,839.89,702.27,-,-,3.36,-
Konawe Selatan,2416.22,2049.53,147.14,88.32,2.06,2.83,12.46,11.21,1109.59,928.16,1144.96,1019,-,-,-,-
Bombana,1140.47,862.43,109.15,145.14,-,1.43,56.32,25.33,509.92,323.73,465.08,365.46,-,1.34,-,-
Wakatobi,611.06,510.94,40.02,11.76,-,-,30.06,16.84,240.2,228.08,300.78,254.25,-,-,-,-
Kolaka Utara,1530.44,1559.87,277.8,303.94,10.27,-,41.52,7.8,557.2,566.62,643.65,681.52,-,-,-,-
Buton Utara,974.77,817.72,126.65,50.15,-,13.1,9.98,13.01,380.51,322.31,457.64,408.97,-,-,-,10.17
Konawe Utara,1898.22,1833.22,257.03,125.69,-,-,67.78,36.24,828.49,821.06,744.93,843.25,-,-,-,6.97
Kolaka Timur,2106.54,2243.26,124.4,91.36,4.6,3.16,24.62,11.81,946.43,1053.72,993.72,1083.2,-,-,12.77,-
Konawe Kepulauan,830.71,971.24,56.71,108.97,-,6.75,12.67,3.14,337.63,336.64,423.71,515.73,-,-,-,-
Muna Barat,1327.42,1348.33,234.75,25.89,0.89,-,9.82,69.7,525.68,583.52,556.28,669.21,-,-,-,-
Buton Tengah,1497.28,1420.37,9.73,13.06,-,-,25.35,76.41,747.7,651.54,713.99,674.74,-,4.61,0.51,-
Buton Selatan,806.27,608.71,27.72,27.63,5.01,-,3.97,51.15,374.4,218.12,395.18,311.82,-,-,-,-
Kota Kendari,2323.15,2874.82,94.07,54.18,-,-,16.93,33.18,861.87,1136.77,1347.11,1650.69,-,-,3.17,-
Kota Baubau,1376.9,1258.88,65.9,29.54,5.63,7.41,29.15,45.75,528.94,506.16,747.29,668.33,-,1.69,-,-
Boalemo,1710.66,1679.94,175.39,206.1,-,5.65,16.97,13.01,960.17,954.44,558.13,500.74,-,-,-,-
Gorontalo,1926.7,1970.56,335.46,310.55,3.25,-,85.7,23.71,998.83,960.67,502.29,675.63,1.16,-,-,-
Pohuwato,1329.52,1344.26,253.44,110.09,2.41,-,35.85,32.11,686.46,755.02,344.64,447.05,6.73,-,-,-
Bone Bolango,1395.93,1348.02,200.58,304.54,14.33,8.55,20.7,1.97,738.1,680.32,422.22,352.64,-,-,-,-
Gorontalo Utara,1369.57,1245.49,428.78,194.9,47.9,-,14.62,11.97,589.01,823.91,289.25,214.72,-,-,-,-
Kota Gorontalo,1507.17,1799.08,79.82,126.06,2.8,-,26.77,17.82,807.59,916.64,590.2,738.56,-,-,-,-
Majene,1654.88,1140.03,254.49,41.08,-,-,87.48,6.19,525.71,468.74,773.68,623.14,-,0.87,13.52,-
Polewali Mandar,1524.58,1430.05,85.58,77.58,2.47,2,78.11,2.4,445.7,538.86,910.99,809.21,1.75,-,-,-
Mamasa,1162.03,1138.17,300.15,328.97,4.37,24.45,14.86,13.62,368.67,345.71,473.12,425.41,0.86,-,-,-
Mamuju,1542.86,1497.88,102.2,104.41,17.18,-,39.55,48.24,678.37,597.36,699.19,731.93,6.37,-,-,15.93
Mamuju Utara,2417.51,2763.78,255.47,466.43,-,2.93,109.89,19.57,1005.95,1047.52,1046.19,1199.96,-,8.85,-,18.53
Mamuju Tengah,2359.24,1906.09,137.15,154.69,4.07,6.73,23.04,10.4,1055.62,819.21,1136.46,911.85,1.46,3.21,1.42,-
Maluku Tenggara Barat,1121.31,926.14,274.27,247.11,-,15.07,302.08,236.73,296.97,218.81,247.98,208.41,-,-,-,-
Maluku Tenggara,830.84,1129.1,49.24,87.38,-,-,51.79,54.72,390.91,547.26,338.9,418.24,-,-,-,21.5
Maluku Tengah,1672.56,2027.81,264.8,226.45,2.09,-,30.83,37.8,781.91,993.02,573.37,770.54,14.95,-,4.61,-
Buru,2277.53,1935.52,352.34,77.59,-,-,42.13,36.36,1013.98,985.42,861.4,828.95,7.69,7.21,-,-
Kepulauan Aru,572.21,395.27,54.4,41.51,-,-,68.95,50.11,198.68,147.98,250.19,155.68,-,-,-,-
Seram Bagian Barat,870.08,1002.98,154.83,159.95,-,24.36,61.87,30.59,362.18,486.45,291.19,296.67,-,4.97,-,-
Seram Bagian Timur,802.24,906.99,239.24,226.18,-,-,56.6,29.46,298.27,376.55,208.13,274.81,-,-,-,-
Maluku Barat Daya,1870.19,889.5,359.24,58.37,28.85,-,826.01,515.11,314.99,145.62,341.1,170.4,-,-,-,-
Buru Selatan,707.42,461.48,244.55,150.58,3.43,-,13.93,60.97,257.69,168.85,187.83,81.08,-,-,-,-
Kota Ambon,2193.32,2640.85,141.86,361.25,2.81,7.37,87.66,65.32,988.98,1170.58,955.14,1036.33,-,-,16.86,-
Kota Tual,790.32,1240.64,8.61,108.65,3.53,-,21.74,11.99,364.16,556.87,392.28,511.18,-,0.15,-,51.8
Halmahera Barat,1568.98,1414.15,153.36,283.74,5.01,-,77.14,59.57,978.46,832.55,350.03,237.24,-,-,4.99,1.04
Halmahera Tengah,861.67,1262.04,126.92,126.01,-,-,31.89,1.71,480.62,794.31,222.25,340.01,-,-,-,-
Kepulauan Sula,581.16,653.26,19.37,68.26,-,-,70.13,-,351.59,412.59,134.19,172.41,-,-,5.88,-
Halmahera Selatan,691.71,731.51,186.29,81.53,-,-,20.38,224.2,352.51,331.37,132.52,76.83,-,-,-,17.57
Halmahera Utara,1709.8,1377.96,339.25,154.11,-,-,97.26,112.86,841.29,839.76,432,271.23,-,-,-,-
Halmahera Timur,2318.8,1848.06,462.75,198.96,-,-,37.98,38.76,1125.29,1049.98,669.7,560.35,-,-,23.08,-
Pulau Morotai,1570.34,1314.5,423.04,330.02,-,6.91,5.98,14.19,833.36,747.54,307.95,215.85,-,-,-,-
Pulau Taliabu,177.71,320.28,36.74,33.43,-,-,-,17.59,96.44,155.88,44.53,113.38,-,-,-,-
Kota Ternate,1539.66,1944.75,42.8,86.12,-,17,7.6,20.3,812.48,1086.62,676.78,734.72,-,-,-,-
Kota Tidore Kepulauan,1923.18,1276.42,446.79,244.68,9.38,-,35.99,35.51,958.76,643.54,447.54,352.69,-,-,24.73,-
Fakfak,1998.02,2497.21,114.74,211.79,-,24.26,54.04,125.06,754.33,1013.98,1074.91,1116.68,-,2,-,3.44
Kaimana,1271.45,1830.04,108.51,14.33,-,28.08,52.63,115.57,509.03,719.89,601.28,952.16,-,-,-,-
Teluk Wondama,1624.43,1651.56,117.61,22.43,-,-,30.15,3.13,792.25,807.06,668.59,818.94,13.12,-,2.72,-
Teluk Bintuni,3392.57,3127.76,164.67,90.12,-,6.11,38.1,-,1694.69,1606.85,1495.11,1424.68,-,-,-,-
Manokwari,3059.31,3969.15,105.99,178.54,3.78,-,30.95,25.22,1528.51,2033.39,1370.34,1716.84,3.95,15.16,15.8,-
Sorong Selatan,810.54,703.52,172.29,178.7,-,14.3,15.29,8.04,322.34,300.37,287.21,202.12,-,-,13.42,-
Sorong,3027.23,3162.24,117.34,50.85,3.93,-,52.59,24.74,1462.99,1673.18,1386.49,1406.52,3.89,6.95,-,-
Raja Ampat,1184.14,781.11,252.46,153.87,-,4.3,20.32,54.68,502.12,318.42,402.29,248.61,6.97,1.23,-,-
Tambrauw,830.36,1361.91,141.05,479.74,-,-,44.15,295.39,429.96,338.99,215.21,246.83,-,0.96,-,-
Maybrat,1855.14,2916.33,1188.91,1490.89,-,-,135.63,177.38,378.24,967.8,152.36,279.7,-,0.55,-,-
Manokwari Selatan,2851.35,3341.68,437.98,344.48,-,-,29.15,13.3,1555.26,1899.29,828.96,1084.62,-,-,-,-
Pegunungan Arfak,990.3,1021.24,334.53,205.31,-,-,338.95,1.82,206.23,606.48,110.59,198.56,-,-,-,9.06
Kota Sorong,2664.93,2756.13,169.37,195.31,11.66,6.91,149.7,41.22,1190.45,1295.2,1141.65,1208.99,2.11,3.19,-,5.31
Merauke,4416.12,4819.56,99.77,339.26,-,3.34,22.56,46.64,2255.56,2317.77,2017.03,2112.55,21.19,-,-,-
Jayawijaya,2568.06,3945.01,27.19,134.28,-,-,80.6,294.85,1405.2,2035.04,1055.07,1456.84,-,24,-,-
Jayapura,3564.82,3613.54,179.62,109.29,10.1,-,76.55,47.34,2084.44,2052.7,1204.66,1400.31,9.45,3.89,-,-
Nabire,4651.47,3714.65,198.72,43.41,6.61,2.79,6.7,18.63,2586.42,2215.7,1833.88,1430.06,17.75,4.07,1.39,-
Kepulauan Yapen,2400.98,1846.46,42.97,15.2,10.4,-,9.19,12.3,1468.16,1248.09,870.25,570.87,-,-,-,-
Biak Numfor,2368.35,1989.02,37.24,18.2,-,-,44.3,27.54,1348.71,1098.45,906.47,844.83,16.42,-,15.21,-
Paniai,4038.02,739.09,-,-,-,-,491.8,-,3546.22,327.25,-,370.75,-,-,-,41.08
Puncak Jaya,987.39,15748.46,644.05,8502.55,-,169.66,-,-,343.33,3981.06,-,3095.19,-,-,-,-
Mimika,2914.89,2732.45,87.72,29.8,-,-,47.66,37.03,1427.04,1424.29,1352.48,1235.52,-,5.81,-,-
Boven Digoel,1816.19,1889.26,5.06,17.24,-,-,-,6.45,904.48,1041.71,906.66,823.86,-,-,-,-
Mappi,577.39,809.16,30.37,-,-,-,11.19,2.47,283.49,432.04,252.34,374.64,-,-,-,-
Asmat,466.57,550.4,2.75,10.18,14.1,-,55.42,-,172.86,274.51,221.44,265.71,-,-,-,-
Yahukimo,613.03,2608.82,10.31,517.6,17.13,20.98,382.82,1780.36,175.55,246.77,27.22,43.12,-,-,-,-
Pegunungan Bintang,1339.27,362.35,435.16,136.92,427.35,91.56,-,-,209.39,86.98,267.37,46.9,-,-,-,-
Tolikara,3393.94,1500.25,2678.27,858.65,-,120.47,-,48.73,652.58,395.08,63.09,77.32,-,-,-,-
Sarmi,1567.5,1532,-,9.11,-,-,-,-,836.9,726.76,730.6,796.13,-,-,-,-
Keerom,3811.69,3315.27,14.43,227.78,-,12.28,17.51,29.52,2053.18,1672.74,1709.23,1359.59,17.33,13.35,-,-
Waropen,2426.79,1497.27,17.98,59.38,-,-,22.17,6.6,1389.69,909.69,996.95,521.6,-,-,-,-
Supiori,1980.02,2513.04,11.37,49.57,-,5.49,5.83,9.31,1174.16,1350.13,788.67,1098.54,-,-,-,-
Mamberamo Raya,751.23,289.17,31.18,6,-,-,42.93,-,223.35,170.84,453.77,112.33,-,-,-,-
Nduga,4635.43,2793.99,1001.17,423.53,-,-,-,32.17,763.94,782.41,2840.43,1555.87,29.88,-,-,-
Lanny Jaya,92.58,510.56,-,-,10.38,44.11,-,302.12,82.19,108.84,-,6.21,-,-,-,49.27
Mamberamo Tengah,402.24,725,401.54,697.66,-,-,-,16.88,-,9.56,0.7,0.91,-,-,-,-
Yalimo,2949.47,2499.19,1034.92,827.77,-,0.93,761.95,749.71,1125.02,884.76,27.13,36.01,0.45,-,-,-
Puncak,327.78,235.34,-,-,7.41,-,-,-,60.68,18.19,259.69,217.16,-,-,-,-
Dogiyai,1111.52,1756.75,231.63,809.87,46.72,15.79,225.43,203.04,472.91,425.8,134.83,300.37,-,1.87,-,-
Intan Jaya,554.35,720.62,-,-,-,-,-,-,503.37,171.8,50.99,548.82,-,-,-,-
Deiyai,749.8,596.68,-,-,-,-,83.07,-,666.73,430.09,-,166.59,-,-,-,-
Kota Jayapura,3134.49,4085.36,55.16,101.56,-,-,14.21,126.04,1924.05,2123.06,1141.07,1729.02,-,5.69,-,-